{"cameraMode":{"drawMode":0,"name":"Shaded","section":"Shading Mode"},"sceneLighting":true,"audioPlay":false,"sceneViewState":{"showFog":true,"showMaterialUpdate":false,"showSkybox":false,"showFlares":true,"showImageEffects":true,"showParticleSystems":true},"in2DMode":false,"pivot":{"x":-0.04278062283992767,"y":1.145074725151062,"z":0.18212547898292542},"rotation":{"x":0.06489875167608261,"y":0.715311586856842,"z":-0.06645987182855606,"w":0.6928176283836365},"size":3.671724796295166,"orthographic":false}