{"cameraMode":{"drawMode":0,"name":"Shaded","section":"Shading Mode"},"sceneLighting":true,"audioPlay":false,"sceneViewState":{"showFog":true,"showMaterialUpdate":false,"showSkybox":true,"showFlares":true,"showImageEffects":true,"showParticleSystems":true},"in2DMode":false,"pivot":{"x":549.9056396484375,"y":201.56988525390626,"z":501.4610900878906},"rotation":{"x":-0.027863062918186189,"y":-0.9179491996765137,"z":0.060846611857414249,"w":-0.39251214265823367},"size":4.207394599914551,"orthographic":false}