{"cameraMode":{"drawMode":0,"name":"Shaded","section":"Shading Mode"},"sceneLighting":true,"audioPlay":false,"sceneViewState":{"m_AlwaysRefresh":false,"showFog":true,"showSkybox":true,"showFlares":true,"showImageEffects":true,"showParticleSystems":true,"showVisualEffectGraphs":true,"m_FxEnabled":true},"in2DMode":false,"pivot":{"x":546.7999877929688,"y":201.77999877929688,"z":496.57000732421877},"rotation":{"x":-0.08189238607883454,"y":-0.013307669200003147,"z":-0.00102936418261379,"w":-0.9971752166748047},"size":3.1961233615875246,"orthographic":false}